{"inputs":{"size":2,"bias":[0.3300214353567422,0.7454195277683887]},"outputs":{"size":1,"bias":[0.02065137112044413]},"hidden_layers":[{"size":3,"bias":[0.6328827467086762,0.11705066384756169,0.7205684617581242]}],"layer_matrices":[[{"v":1,"dim":[3,2],"data":[-0.6634485486728304,0.5896451335518247,-0.4503974000350961,0.554247390513182,-1.208831966192464,1.2088319661924638]},{"v":1,"dim":[3],"data":[0.6634485486728766,0.45039740003509604,2.148032559005714e-17]}],[{"v":1,"dim":[1,3],"data":[1.0372819526612,0.7371685851617323,-1.6712016861740793]},{"v":1,"dim":[1],"data":[-0.020202020202050384]}]],"activation_matrices":[{"v":1,"dim":[3],"data":[0.5896451335518709,0.554247390513182,-2.0056427933497416e-18]},{"v":1,"dim":[1],"data":[0.9999999999999928]}],"activation":"LeakyRelu","learning_rate":0.0035848592240854188,"ui_update_interval":100,"compiled":true}