{"inputs":{"size":2,"bias":[0.12034994453638836,0.34076669200255616]},"outputs":{"size":1,"bias":[0.4162112888696696]},"hidden_layers":[{"size":2,"bias":[0.9349999794327412,0.39766678242522335]}],"layer_matrices":[[{"v":1,"dim":[2,2],"data":[-0.7712714786410219,0.7713591152485981,-1.1963213508518975,1.1963165540863498]},{"v":1,"dim":[2,1],"data":[0.7712724011271697,-1.4180289041487782e-6]}],[{"v":1,"dim":[1,2],"data":[-1.3216533989332997,1.687707009517976]},{"v":1,"dim":[1,1],"data":[1.0196544359755582]}]],"activation_matrices":[{"v":1,"dim":[2,1],"data":[0.7713600377347459,-6.214794451803181e-8]},{"v":1,"dim":[1,1],"data":[0.00018371541459138996]}],"activation":"LeakyRelu","learning_rate":0.0035848592240854188,"compiled":true}