{"inputs":{"size":2,"bias":[0.5014313248007939,0.5921214805089429]},"outputs":{"size":1,"bias":[0.06146792795190137]},"hidden_layers":[{"size":2,"bias":[0.41669652856544614,0.48200862589762694]}],"layer_matrices":[[{"v":1,"dim":[2,2],"data":[-0.7769830922150931,0.7769847387516975,-1.2009964563100488,1.2009963478166883]},{"v":1,"dim":[2,1],"data":[0.7769830059357563,-2.5266614177567514e-8]}],[{"v":1,"dim":[1,2],"data":[-1.3130090308552649,1.6820863504976507]},{"v":1,"dim":[1,1],"data":[1.0201915158364392]}]],"activation_matrices":[{"v":1,"dim":[2,1],"data":[0.7769846524723607,-1.337599746953371e-9]},{"v":1,"dim":[1,1],"data":[3.64805433195059e-6]}],"activation":"LeakyRelu","learning_rate":0.0035848592240854188,"compiled":true}