{"inputs":{"size":2,"bias":[0.6541919402015365,0.2291849896359297]},"outputs":{"size":1,"bias":[0.8193138399170234]},"hidden_layers":[{"size":2,"bias":[0.36124047411146876,0.3698299123113651]}],"layer_matrices":[[{"v":1,"dim":[2,2],"data":[1.730591121154793,1.730409877672095,1.496576195217423,1.4964906387875256]},{"v":1,"dim":[2,1],"data":[-0.7033840568532446,-2.241707913700486]}],[{"v":1,"dim":[1,2],"data":[3.331199883520112,-3.2999586145541584]},{"v":1,"dim":[1,1],"data":[-1.2049893333378152]}]],"activation_matrices":[{"v":1,"dim":[2,1],"data":[0.9919822994337464,0.63595896532113]},{"v":1,"dim":[1,1],"data":[0.0008637206606986584]}],"activation":"Tanh","learning_rate":0.002993684696191893,"compiled":true}