{"inputs":{"size":2,"bias":[0.6902464885669829,0.17982253060855447]},"outputs":{"size":1,"bias":[0.04970957168636536]},"hidden_layers":[{"size":2,"bias":[0.7367490113634539,0.6348359238462602]}],"layer_matrices":[[{"v":1,"dim":[2,2],"data":[0.8638210596954785,0.8638210596954782,1.1093901295772823,1.1093901295772826]},{"v":1,"dim":[2,1],"data":[9.073747387044062e-17,-1.1093901295772826]}],[{"v":1,"dim":[1,2],"data":[1.1810339754412216,-1.821002338439548]},{"v":1,"dim":[1,1],"data":[-0.02020202020200854]}]],"activation_matrices":[{"v":1,"dim":[2,1],"data":[1.7276421193909566,1.1093901295772826]},{"v":1,"dim":[1,1],"data":[5.731526364627371e-15]}],"activation":"LeakyRelu","learning_rate":0.0035848592240854188,"compiled":true}